[
    {
        "model": "auth.user",
        "pk": 1,
        "fields": {
            "password": "pbkdf2_sha256$24000$CYrop11KBZt1$MagZB09+/bAe07RQ258fQ87bKN3LOW5r/sOPMvQKOuQ=",
            "last_login": null,
            "is_superuser": true,
            "username": "admin",
            "first_name": "",
            "last_name": "",
            "email": "admin@full-text-search-drf.local",
            "is_staff": true,
            "is_active": true,
            "date_joined": "2016-01-10T14:08:09.369Z",
            "groups": [],
            "user_permissions": []
        }
    },
    {
        "model": "auth.user",
        "pk": 2,
        "fields": {
            "password": "pbkdf2_sha256$24000$lljde2Pr9Klk$K1raYZXMmDaRSSskL4KgZcNDzeVK+qDjB8avEARZsmU=",
            "last_login": null,
            "is_superuser": false,
            "username": "author",
            "first_name": "",
            "last_name": "",
            "email": "",
            "is_staff": false,
            "is_active": true,
            "date_joined": "2016-01-10T14:09:39.269Z",
            "groups": [],
            "user_permissions": []
        }
    },
    {
        "model": "auth.user",
        "pk": 3,
        "fields": {
            "password": "pbkdf2_sha256$24000$ZPt4tDcbX4vF$/ZWNXxUXuRwcB1af63rbSkV3Za5q2o4pIlM5DUu4C0Q=",
            "last_login": null,
            "is_superuser": false,
            "username": "reader",
            "first_name": "",
            "last_name": "",
            "email": "",
            "is_staff": false,
            "is_active": true,
            "date_joined": "2016-01-10T14:09:56.385Z",
            "groups": [],
            "user_permissions": []
        }
    },
    {
        "pk": "9da66f98-6745-49e3-b108-8d221293b117",
        "model": "blogposts.Blogpost",
        "fields": {
            "author": 2,
            "title": "est donec odio justo sollicitudin ut",
            "description": "consequat morbi a ipsum integer a nibh in quis justo maecenas rhoncus aliquam lacus morbi quis",
            "content": "Integer tincidunt ante vel ipsum. Praesent blandit lacinia erat. Vestibulum sed magna at nunc commodo placerat.\n\nPraesent blandit. Nam nulla. Integer pede justo, lacinia eget, tincidunt eget, tempus vel, pede.\n\nMorbi porttitor lorem id ligula. Suspendisse ornare consequat lectus. In est risus, auctor sed, tristique in, tempus sit amet, sem.\n\nFusce consequat. Nulla nisl. Nunc nisl.\n\nDuis bibendum, felis sed interdum venenatis, turpis enim blandit mi, in porttitor pede justo eu massa. Donec dapibus. Duis at velit eu est congue elementum.",
            "created": "2016-01-10T11:13:06.124297",
            "modified": "2016-01-10T11:13:06.124297"
        }
    },
    {
        "pk": "e439c223-f98e-4abf-b876-5358f165fd98",
        "model": "blogposts.Blogpost",
        "fields": {
            "author": 2,
            "title": "elit ac nulla sed vel enim sit",
            "description": "lacus curabitur at ipsum ac tellus semper interdum mauris ullamcorper",
            "content": "In hac habitasse platea dictumst. Etiam faucibus cursus urna. Ut tellus.\n\nNulla ut erat id mauris vulputate elementum. Nullam varius. Nulla facilisi.\n\nCras non velit nec nisi vulputate nonummy. Maecenas tincidunt lacus at velit. Vivamus vel nulla eget eros elementum pellentesque.\n\nQuisque porta volutpat erat. Quisque erat eros, viverra eget, congue eget, semper rutrum, nulla. Nunc purus.\n\nPhasellus in felis. Donec semper sapien a libero. Nam dui.\n\nProin leo odio, porttitor id, consequat in, consequat ut, nulla. Sed accumsan felis. Ut at dolor quis odio consequat varius.",
            "created": "2016-01-10T11:13:06.124297",
            "modified": "2016-01-10T11:13:06.124297"
        }
    },
    {
        "pk": "0d332d09-691f-443d-81ee-e0616ad4ea42",
        "model": "blogposts.Blogpost",
        "fields": {
            "author": 2,
            "title": "habitasse platea dictumst etiam faucibus cursus urna",
            "description": "porttitor id consequat in consequat ut nulla sed accumsan felis ut at dolor quis odio consequat varius integer ac leo",
            "content": "Etiam vel augue. Vestibulum rutrum rutrum neque. Aenean auctor gravida sem.\n\nPraesent id massa id nisl venenatis lacinia. Aenean sit amet justo. Morbi ut odio.\n\nCras mi pede, malesuada in, imperdiet et, commodo vulputate, justo. In blandit ultrices enim. Lorem ipsum dolor sit amet, consectetuer adipiscing elit.\n\nProin interdum mauris non ligula pellentesque ultrices. Phasellus id sapien in sapien iaculis congue. Vivamus metus arcu, adipiscing molestie, hendrerit at, vulputate vitae, nisl.\n\nAenean lectus. Pellentesque eget nunc. Donec quis orci eget orci vehicula condimentum.\n\nCurabitur in libero ut massa volutpat convallis. Morbi odio odio, elementum eu, interdum eu, tincidunt in, leo. Maecenas pulvinar lobortis est.\n\nPhasellus sit amet erat. Nulla tempus. Vivamus in felis eu sapien cursus vestibulum.\n\nProin eu mi. Nulla ac enim. In tempor, turpis nec euismod scelerisque, quam turpis adipiscing lorem, vitae mattis nibh ligula nec sem.",
            "created": "2016-01-10T11:13:06.124297",
            "modified": "2016-01-10T11:13:06.124297"
        }
    },
    {
        "pk": "7f7f94e0-8e6d-48ad-b8c7-b2f4f3c447c8",
        "model": "blogposts.Blogpost",
        "fields": {
            "author": 2,
            "title": "amet nunc viverra dapibus nulla suscipit ligula in lacus",
            "description": "amet lobortis sapien sapien non mi integer ac neque duis bibendum morbi non quam nec",
            "content": "Suspendisse potenti. In eleifend quam a odio. In hac habitasse platea dictumst.\n\nMaecenas ut massa quis augue luctus tincidunt. Nulla mollis molestie lorem. Quisque ut erat.\n\nCurabitur gravida nisi at nibh. In hac habitasse platea dictumst. Aliquam augue quam, sollicitudin vitae, consectetuer eget, rutrum at, lorem.\n\nInteger tincidunt ante vel ipsum. Praesent blandit lacinia erat. Vestibulum sed magna at nunc commodo placerat.\n\nPraesent blandit. Nam nulla. Integer pede justo, lacinia eget, tincidunt eget, tempus vel, pede.\n\nMorbi porttitor lorem id ligula. Suspendisse ornare consequat lectus. In est risus, auctor sed, tristique in, tempus sit amet, sem.\n\nFusce consequat. Nulla nisl. Nunc nisl.\n\nDuis bibendum, felis sed interdum venenatis, turpis enim blandit mi, in porttitor pede justo eu massa. Donec dapibus. Duis at velit eu est congue elementum.\n\nIn hac habitasse platea dictumst. Morbi vestibulum, velit id pretium iaculis, diam erat fermentum justo, nec condimentum neque sapien placerat ante. Nulla justo.\n\nAliquam quis turpis eget elit sodales scelerisque. Mauris sit amet eros. Suspendisse accumsan tortor quis turpis.",
            "created": "2016-01-10T11:13:06.124297",
            "modified": "2016-01-10T11:13:06.124297"
        }
    },
    {
        "pk": "55db012b-93bc-4f01-ba7b-24c36250231e",
        "model": "blogposts.Blogpost",
        "fields": {
            "author": 2,
            "title": "nec dui luctus rutrum nulla tellus in sagittis dui",
            "description": "eget nunc donec quis orci eget orci vehicula condimentum curabitur in libero ut massa volutpat",
            "content": "In hac habitasse platea dictumst. Morbi vestibulum, velit id pretium iaculis, diam erat fermentum justo, nec condimentum neque sapien placerat ante. Nulla justo.\n\nAliquam quis turpis eget elit sodales scelerisque. Mauris sit amet eros. Suspendisse accumsan tortor quis turpis.\n\nSed ante. Vivamus tortor. Duis mattis egestas metus.\n\nAenean fermentum. Donec ut mauris eget massa tempor convallis. Nulla neque libero, convallis eget, eleifend luctus, ultricies eu, nibh.\n\nQuisque id justo sit amet sapien dignissim vestibulum. Vestibulum ante ipsum primis in faucibus orci luctus et ultrices posuere cubilia Curae; Nulla dapibus dolor vel est. Donec odio justo, sollicitudin ut, suscipit a, feugiat et, eros.\n\nVestibulum ac est lacinia nisi venenatis tristique. Fusce congue, diam id ornare imperdiet, sapien urna pretium nisl, ut volutpat sapien arcu sed augue. Aliquam erat volutpat.\n\nIn congue. Etiam justo. Etiam pretium iaculis justo.\n\nIn hac habitasse platea dictumst. Etiam faucibus cursus urna. Ut tellus.\n\nNulla ut erat id mauris vulputate elementum. Nullam varius. Nulla facilisi.\n\nCras non velit nec nisi vulputate nonummy. Maecenas tincidunt lacus at velit. Vivamus vel nulla eget eros elementum pellentesque.",
            "created": "2016-01-10T11:13:06.124297",
            "modified": "2016-01-10T11:13:06.124297"
        }
    },
    {
        "pk": "f017ec00-6bf2-4754-9292-62278161c9aa",
        "model": "blogposts.Blogpost",
        "fields": {
            "author": 2,
            "title": "nulla ac enim in tempor turpis nec",
            "description": "vestibulum ante ipsum primis in faucibus orci luctus et ultrices posuere cubilia curae donec pharetra magna vestibulum aliquet",
            "content": "Duis aliquam convallis nunc. Proin at turpis a pede posuere nonummy. Integer non velit.\n\nDonec diam neque, vestibulum eget, vulputate ut, ultrices vel, augue. Vestibulum ante ipsum primis in faucibus orci luctus et ultrices posuere cubilia Curae; Donec pharetra, magna vestibulum aliquet ultrices, erat tortor sollicitudin mi, sit amet lobortis sapien sapien non mi. Integer ac neque.\n\nDuis bibendum. Morbi non quam nec dui luctus rutrum. Nulla tellus.\n\nIn sagittis dui vel nisl. Duis ac nibh. Fusce lacus purus, aliquet at, feugiat non, pretium quis, lectus.\n\nSuspendisse potenti. In eleifend quam a odio. In hac habitasse platea dictumst.\n\nMaecenas ut massa quis augue luctus tincidunt. Nulla mollis molestie lorem. Quisque ut erat.\n\nCurabitur gravida nisi at nibh. In hac habitasse platea dictumst. Aliquam augue quam, sollicitudin vitae, consectetuer eget, rutrum at, lorem.\n\nInteger tincidunt ante vel ipsum. Praesent blandit lacinia erat. Vestibulum sed magna at nunc commodo placerat.",
            "created": "2016-01-10T11:13:06.124297",
            "modified": "2016-01-10T11:13:06.124297"
        }
    },
    {
        "pk": "e3f79e9a-0ce2-4e19-927b-0b48ca1edbf7",
        "model": "blogposts.Blogpost",
        "fields": {
            "author": 2,
            "title": "mi in porttitor pede justo eu massa",
            "description": "est congue elementum in hac habitasse platea dictumst morbi vestibulum velit id pretium iaculis",
            "content": "Proin eu mi. Nulla ac enim. In tempor, turpis nec euismod scelerisque, quam turpis adipiscing lorem, vitae mattis nibh ligula nec sem.\n\nDuis aliquam convallis nunc. Proin at turpis a pede posuere nonummy. Integer non velit.\n\nDonec diam neque, vestibulum eget, vulputate ut, ultrices vel, augue. Vestibulum ante ipsum primis in faucibus orci luctus et ultrices posuere cubilia Curae; Donec pharetra, magna vestibulum aliquet ultrices, erat tortor sollicitudin mi, sit amet lobortis sapien sapien non mi. Integer ac neque.\n\nDuis bibendum. Morbi non quam nec dui luctus rutrum. Nulla tellus.\n\nIn sagittis dui vel nisl. Duis ac nibh. Fusce lacus purus, aliquet at, feugiat non, pretium quis, lectus.\n\nSuspendisse potenti. In eleifend quam a odio. In hac habitasse platea dictumst.\n\nMaecenas ut massa quis augue luctus tincidunt. Nulla mollis molestie lorem. Quisque ut erat.",
            "created": "2016-01-10T11:13:06.124297",
            "modified": "2016-01-10T11:13:06.124297"
        }
    },
    {
        "pk": "7cf57328-e881-4cfc-81b9-38a099fe9591",
        "model": "blogposts.Blogpost",
        "fields": {
            "author": 2,
            "title": "erat curabitur gravida nisi at nibh in",
            "description": "sagittis nam congue risus semper porta volutpat quam pede lobortis ligula sit amet eleifend pede libero quis orci nullam molestie",
            "content": "Maecenas tristique, est et tempus semper, est quam pharetra magna, ac consequat metus sapien ut nunc. Vestibulum ante ipsum primis in faucibus orci luctus et ultrices posuere cubilia Curae; Mauris viverra diam vitae quam. Suspendisse potenti.\n\nNullam porttitor lacus at turpis. Donec posuere metus vitae ipsum. Aliquam non mauris.\n\nMorbi non lectus. Aliquam sit amet diam in magna bibendum imperdiet. Nullam orci pede, venenatis non, sodales sed, tincidunt eu, felis.\n\nFusce posuere felis sed lacus. Morbi sem mauris, laoreet ut, rhoncus aliquet, pulvinar sed, nisl. Nunc rhoncus dui vel sem.\n\nSed sagittis. Nam congue, risus semper porta volutpat, quam pede lobortis ligula, sit amet eleifend pede libero quis orci. Nullam molestie nibh in lectus.\n\nPellentesque at nulla. Suspendisse potenti. Cras in purus eu magna vulputate luctus.\n\nCum sociis natoque penatibus et magnis dis parturient montes, nascetur ridiculus mus. Vivamus vestibulum sagittis sapien. Cum sociis natoque penatibus et magnis dis parturient montes, nascetur ridiculus mus.\n\nEtiam vel augue. Vestibulum rutrum rutrum neque. Aenean auctor gravida sem.\n\nPraesent id massa id nisl venenatis lacinia. Aenean sit amet justo. Morbi ut odio.\n\nCras mi pede, malesuada in, imperdiet et, commodo vulputate, justo. In blandit ultrices enim. Lorem ipsum dolor sit amet, consectetuer adipiscing elit.",
            "created": "2016-01-10T11:13:06.124297",
            "modified": "2016-01-10T11:13:06.124297"
        }
    },
    {
        "pk": "cd4ef2f3-7b05-4328-8c15-3218a8e58763",
        "model": "blogposts.Blogpost",
        "fields": {
            "author": 2,
            "title": "lobortis ligula sit amet eleifend pede libero quis orci nullam",
            "description": "in sapien iaculis congue vivamus metus arcu adipiscing molestie hendrerit at vulputate vitae nisl",
            "content": "Duis bibendum, felis sed interdum venenatis, turpis enim blandit mi, in porttitor pede justo eu massa. Donec dapibus. Duis at velit eu est congue elementum.\n\nIn hac habitasse platea dictumst. Morbi vestibulum, velit id pretium iaculis, diam erat fermentum justo, nec condimentum neque sapien placerat ante. Nulla justo.\n\nAliquam quis turpis eget elit sodales scelerisque. Mauris sit amet eros. Suspendisse accumsan tortor quis turpis.\n\nSed ante. Vivamus tortor. Duis mattis egestas metus.\n\nAenean fermentum. Donec ut mauris eget massa tempor convallis. Nulla neque libero, convallis eget, eleifend luctus, ultricies eu, nibh.\n\nQuisque id justo sit amet sapien dignissim vestibulum. Vestibulum ante ipsum primis in faucibus orci luctus et ultrices posuere cubilia Curae; Nulla dapibus dolor vel est. Donec odio justo, sollicitudin ut, suscipit a, feugiat et, eros.\n\nVestibulum ac est lacinia nisi venenatis tristique. Fusce congue, diam id ornare imperdiet, sapien urna pretium nisl, ut volutpat sapien arcu sed augue. Aliquam erat volutpat.\n\nIn congue. Etiam justo. Etiam pretium iaculis justo.",
            "created": "2016-01-10T11:13:06.124297",
            "modified": "2016-01-10T11:13:06.124297"
        }
    },
    {
        "pk": "eb17b879-cdcc-4c9c-a088-7c9b9f8d63b3",
        "model": "blogposts.Blogpost",
        "fields": {
            "author": 2,
            "title": "magna vulputate luctus cum sociis natoque penatibus et",
            "description": "quis libero nullam sit amet turpis elementum ligula vehicula consequat morbi a ipsum integer a",
            "content": "Cum sociis natoque penatibus et magnis dis parturient montes, nascetur ridiculus mus. Vivamus vestibulum sagittis sapien. Cum sociis natoque penatibus et magnis dis parturient montes, nascetur ridiculus mus.\n\nEtiam vel augue. Vestibulum rutrum rutrum neque. Aenean auctor gravida sem.\n\nPraesent id massa id nisl venenatis lacinia. Aenean sit amet justo. Morbi ut odio.\n\nCras mi pede, malesuada in, imperdiet et, commodo vulputate, justo. In blandit ultrices enim. Lorem ipsum dolor sit amet, consectetuer adipiscing elit.\n\nProin interdum mauris non ligula pellentesque ultrices. Phasellus id sapien in sapien iaculis congue. Vivamus metus arcu, adipiscing molestie, hendrerit at, vulputate vitae, nisl.\n\nAenean lectus. Pellentesque eget nunc. Donec quis orci eget orci vehicula condimentum.\n\nCurabitur in libero ut massa volutpat convallis. Morbi odio odio, elementum eu, interdum eu, tincidunt in, leo. Maecenas pulvinar lobortis est.\n\nPhasellus sit amet erat. Nulla tempus. Vivamus in felis eu sapien cursus vestibulum.",
            "created": "2016-01-10T11:13:06.124297",
            "modified": "2016-01-10T11:13:06.124297"
        }
    },
    {
        "pk": "c4637ecc-4f4c-4a9e-aa64-a0a61a3715fd",
        "model": "blogposts.Blogpost",
        "fields": {
            "author": 2,
            "title": "quam pede lobortis ligula sit amet",
            "description": "varius integer ac leo pellentesque ultrices mattis odio donec vitae nisi nam ultrices libero non mattis pulvinar nulla",
            "content": "In congue. Etiam justo. Etiam pretium iaculis justo.\n\nIn hac habitasse platea dictumst. Etiam faucibus cursus urna. Ut tellus.\n\nNulla ut erat id mauris vulputate elementum. Nullam varius. Nulla facilisi.\n\nCras non velit nec nisi vulputate nonummy. Maecenas tincidunt lacus at velit. Vivamus vel nulla eget eros elementum pellentesque.\n\nQuisque porta volutpat erat. Quisque erat eros, viverra eget, congue eget, semper rutrum, nulla. Nunc purus.",
            "created": "2016-01-10T11:13:06.124297",
            "modified": "2016-01-10T11:13:06.124297"
        }
    },
    {
        "pk": "b93f8a30-260d-42e0-9aa1-eec3cb106947",
        "model": "blogposts.Blogpost",
        "fields": {
            "author": 2,
            "title": "penatibus et magnis dis parturient montes",
            "description": "aliquet massa id lobortis convallis tortor risus dapibus augue vel accumsan tellus nisi eu orci mauris lacinia sapien",
            "content": "Curabitur gravida nisi at nibh. In hac habitasse platea dictumst. Aliquam augue quam, sollicitudin vitae, consectetuer eget, rutrum at, lorem.\n\nInteger tincidunt ante vel ipsum. Praesent blandit lacinia erat. Vestibulum sed magna at nunc commodo placerat.\n\nPraesent blandit. Nam nulla. Integer pede justo, lacinia eget, tincidunt eget, tempus vel, pede.\n\nMorbi porttitor lorem id ligula. Suspendisse ornare consequat lectus. In est risus, auctor sed, tristique in, tempus sit amet, sem.\n\nFusce consequat. Nulla nisl. Nunc nisl.\n\nDuis bibendum, felis sed interdum venenatis, turpis enim blandit mi, in porttitor pede justo eu massa. Donec dapibus. Duis at velit eu est congue elementum.\n\nIn hac habitasse platea dictumst. Morbi vestibulum, velit id pretium iaculis, diam erat fermentum justo, nec condimentum neque sapien placerat ante. Nulla justo.\n\nAliquam quis turpis eget elit sodales scelerisque. Mauris sit amet eros. Suspendisse accumsan tortor quis turpis.\n\nSed ante. Vivamus tortor. Duis mattis egestas metus.",
            "created": "2016-01-10T11:13:06.124297",
            "modified": "2016-01-10T11:13:06.124297"
        }
    },
    {
        "pk": "612a1b04-77a1-4176-a8d2-be84cbf058e2",
        "model": "blogposts.Blogpost",
        "fields": {
            "author": 2,
            "title": "dapibus nulla suscipit ligula in",
            "description": "amet lobortis sapien sapien non mi integer ac neque duis bibendum morbi non quam nec dui luctus rutrum nulla",
            "content": "Morbi non lectus. Aliquam sit amet diam in magna bibendum imperdiet. Nullam orci pede, venenatis non, sodales sed, tincidunt eu, felis.\n\nFusce posuere felis sed lacus. Morbi sem mauris, laoreet ut, rhoncus aliquet, pulvinar sed, nisl. Nunc rhoncus dui vel sem.\n\nSed sagittis. Nam congue, risus semper porta volutpat, quam pede lobortis ligula, sit amet eleifend pede libero quis orci. Nullam molestie nibh in lectus.\n\nPellentesque at nulla. Suspendisse potenti. Cras in purus eu magna vulputate luctus.\n\nCum sociis natoque penatibus et magnis dis parturient montes, nascetur ridiculus mus. Vivamus vestibulum sagittis sapien. Cum sociis natoque penatibus et magnis dis parturient montes, nascetur ridiculus mus.",
            "created": "2016-01-10T11:13:06.124297",
            "modified": "2016-01-10T11:13:06.124297"
        }
    },
    {
        "pk": "fda6e8cc-0263-4766-bb8e-db796c6472e5",
        "model": "blogposts.Blogpost",
        "fields": {
            "author": 2,
            "title": "dolor quis odio consequat varius integer ac leo pellentesque ultrices",
            "description": "accumsan odio curabitur convallis duis consequat dui nec nisi volutpat eleifend donec ut dolor morbi vel lectus in quam",
            "content": "In hac habitasse platea dictumst. Morbi vestibulum, velit id pretium iaculis, diam erat fermentum justo, nec condimentum neque sapien placerat ante. Nulla justo.\n\nAliquam quis turpis eget elit sodales scelerisque. Mauris sit amet eros. Suspendisse accumsan tortor quis turpis.\n\nSed ante. Vivamus tortor. Duis mattis egestas metus.\n\nAenean fermentum. Donec ut mauris eget massa tempor convallis. Nulla neque libero, convallis eget, eleifend luctus, ultricies eu, nibh.\n\nQuisque id justo sit amet sapien dignissim vestibulum. Vestibulum ante ipsum primis in faucibus orci luctus et ultrices posuere cubilia Curae; Nulla dapibus dolor vel est. Donec odio justo, sollicitudin ut, suscipit a, feugiat et, eros.\n\nVestibulum ac est lacinia nisi venenatis tristique. Fusce congue, diam id ornare imperdiet, sapien urna pretium nisl, ut volutpat sapien arcu sed augue. Aliquam erat volutpat.\n\nIn congue. Etiam justo. Etiam pretium iaculis justo.",
            "created": "2016-01-10T11:13:06.124297",
            "modified": "2016-01-10T11:13:06.124297"
        }
    },
    {
        "pk": "7ca0abb2-01ef-4d65-9728-930a5fc5faf9",
        "model": "blogposts.Blogpost",
        "fields": {
            "author": 2,
            "title": "in faucibus orci luctus et",
            "description": "leo pellentesque ultrices mattis odio donec vitae nisi nam ultrices libero non mattis",
            "content": "Etiam vel augue. Vestibulum rutrum rutrum neque. Aenean auctor gravida sem.\n\nPraesent id massa id nisl venenatis lacinia. Aenean sit amet justo. Morbi ut odio.\n\nCras mi pede, malesuada in, imperdiet et, commodo vulputate, justo. In blandit ultrices enim. Lorem ipsum dolor sit amet, consectetuer adipiscing elit.\n\nProin interdum mauris non ligula pellentesque ultrices. Phasellus id sapien in sapien iaculis congue. Vivamus metus arcu, adipiscing molestie, hendrerit at, vulputate vitae, nisl.\n\nAenean lectus. Pellentesque eget nunc. Donec quis orci eget orci vehicula condimentum.\n\nCurabitur in libero ut massa volutpat convallis. Morbi odio odio, elementum eu, interdum eu, tincidunt in, leo. Maecenas pulvinar lobortis est.",
            "created": "2016-01-10T11:13:06.124297",
            "modified": "2016-01-10T11:13:06.124297"
        }
    },
    {
        "pk": "c7b21873-cce9-45d1-b4c3-8d51c15161d7",
        "model": "blogposts.Blogpost",
        "fields": {
            "author": 2,
            "title": "sit amet lobortis sapien sapien non mi integer ac",
            "description": "dui luctus rutrum nulla tellus in sagittis dui vel nisl duis ac nibh fusce lacus",
            "content": "Duis bibendum. Morbi non quam nec dui luctus rutrum. Nulla tellus.\n\nIn sagittis dui vel nisl. Duis ac nibh. Fusce lacus purus, aliquet at, feugiat non, pretium quis, lectus.\n\nSuspendisse potenti. In eleifend quam a odio. In hac habitasse platea dictumst.\n\nMaecenas ut massa quis augue luctus tincidunt. Nulla mollis molestie lorem. Quisque ut erat.\n\nCurabitur gravida nisi at nibh. In hac habitasse platea dictumst. Aliquam augue quam, sollicitudin vitae, consectetuer eget, rutrum at, lorem.",
            "created": "2016-01-10T11:13:06.124297",
            "modified": "2016-01-10T11:13:06.124297"
        }
    },
    {
        "pk": "74d5c08b-4757-4efc-86a9-5179f68d6fd0",
        "model": "blogposts.Blogpost",
        "fields": {
            "author": 2,
            "title": "platea dictumst maecenas ut massa quis augue",
            "description": "viverra diam vitae quam suspendisse potenti nullam porttitor lacus at turpis donec posuere metus vitae ipsum aliquam non mauris",
            "content": "Nulla ut erat id mauris vulputate elementum. Nullam varius. Nulla facilisi.\n\nCras non velit nec nisi vulputate nonummy. Maecenas tincidunt lacus at velit. Vivamus vel nulla eget eros elementum pellentesque.\n\nQuisque porta volutpat erat. Quisque erat eros, viverra eget, congue eget, semper rutrum, nulla. Nunc purus.\n\nPhasellus in felis. Donec semper sapien a libero. Nam dui.\n\nProin leo odio, porttitor id, consequat in, consequat ut, nulla. Sed accumsan felis. Ut at dolor quis odio consequat varius.\n\nInteger ac leo. Pellentesque ultrices mattis odio. Donec vitae nisi.\n\nNam ultrices, libero non mattis pulvinar, nulla pede ullamcorper augue, a suscipit nulla elit ac nulla. Sed vel enim sit amet nunc viverra dapibus. Nulla suscipit ligula in lacus.\n\nCurabitur at ipsum ac tellus semper interdum. Mauris ullamcorper purus sit amet nulla. Quisque arcu libero, rutrum ac, lobortis vel, dapibus at, diam.",
            "created": "2016-01-10T11:13:06.124297",
            "modified": "2016-01-10T11:13:06.124297"
        }
    },
    {
        "pk": "3b0a0c3f-1787-42f5-aed1-e3512306ea6e",
        "model": "blogposts.Blogpost",
        "fields": {
            "author": 2,
            "title": "at nulla suspendisse potenti cras in",
            "description": "maecenas rhoncus aliquam lacus morbi quis tortor id nulla ultrices aliquet maecenas leo odio condimentum id luctus nec",
            "content": "Proin eu mi. Nulla ac enim. In tempor, turpis nec euismod scelerisque, quam turpis adipiscing lorem, vitae mattis nibh ligula nec sem.\n\nDuis aliquam convallis nunc. Proin at turpis a pede posuere nonummy. Integer non velit.\n\nDonec diam neque, vestibulum eget, vulputate ut, ultrices vel, augue. Vestibulum ante ipsum primis in faucibus orci luctus et ultrices posuere cubilia Curae; Donec pharetra, magna vestibulum aliquet ultrices, erat tortor sollicitudin mi, sit amet lobortis sapien sapien non mi. Integer ac neque.\n\nDuis bibendum. Morbi non quam nec dui luctus rutrum. Nulla tellus.\n\nIn sagittis dui vel nisl. Duis ac nibh. Fusce lacus purus, aliquet at, feugiat non, pretium quis, lectus.\n\nSuspendisse potenti. In eleifend quam a odio. In hac habitasse platea dictumst.\n\nMaecenas ut massa quis augue luctus tincidunt. Nulla mollis molestie lorem. Quisque ut erat.\n\nCurabitur gravida nisi at nibh. In hac habitasse platea dictumst. Aliquam augue quam, sollicitudin vitae, consectetuer eget, rutrum at, lorem.",
            "created": "2016-01-10T11:13:06.124297",
            "modified": "2016-01-10T11:13:06.124297"
        }
    },
    {
        "pk": "27ecc619-ea57-44a9-8d1b-763dbff4b359",
        "model": "blogposts.Blogpost",
        "fields": {
            "author": 2,
            "title": "sapien iaculis congue vivamus metus arcu adipiscing molestie hendrerit",
            "description": "augue vestibulum ante ipsum primis in faucibus orci luctus et ultrices posuere cubilia curae donec pharetra",
            "content": "Duis bibendum, felis sed interdum venenatis, turpis enim blandit mi, in porttitor pede justo eu massa. Donec dapibus. Duis at velit eu est congue elementum.\n\nIn hac habitasse platea dictumst. Morbi vestibulum, velit id pretium iaculis, diam erat fermentum justo, nec condimentum neque sapien placerat ante. Nulla justo.\n\nAliquam quis turpis eget elit sodales scelerisque. Mauris sit amet eros. Suspendisse accumsan tortor quis turpis.\n\nSed ante. Vivamus tortor. Duis mattis egestas metus.\n\nAenean fermentum. Donec ut mauris eget massa tempor convallis. Nulla neque libero, convallis eget, eleifend luctus, ultricies eu, nibh.",
            "created": "2016-01-10T11:13:06.124297",
            "modified": "2016-01-10T11:13:06.124297"
        }
    },
    {
        "pk": "b0aecc55-3f28-4bf4-8a6a-2d35305b1a95",
        "model": "blogposts.Blogpost",
        "fields": {
            "author": 2,
            "title": "magna ac consequat metus sapien",
            "description": "vestibulum ante ipsum primis in faucibus orci luctus et ultrices posuere cubilia curae donec pharetra magna vestibulum aliquet ultrices",
            "content": "Lorem ipsum dolor sit amet, consectetuer adipiscing elit. Proin risus. Praesent lectus.\n\nVestibulum quam sapien, varius ut, blandit non, interdum in, ante. Vestibulum ante ipsum primis in faucibus orci luctus et ultrices posuere cubilia Curae; Duis faucibus accumsan odio. Curabitur convallis.\n\nDuis consequat dui nec nisi volutpat eleifend. Donec ut dolor. Morbi vel lectus in quam fringilla rhoncus.\n\nMauris enim leo, rhoncus sed, vestibulum sit amet, cursus id, turpis. Integer aliquet, massa id lobortis convallis, tortor risus dapibus augue, vel accumsan tellus nisi eu orci. Mauris lacinia sapien quis libero.\n\nNullam sit amet turpis elementum ligula vehicula consequat. Morbi a ipsum. Integer a nibh.",
            "created": "2016-01-10T11:13:06.124297",
            "modified": "2016-01-10T11:13:06.124297"
        }
    },
    {
        "pk": "fee2f041-fb37-4efa-b486-f1bb2c5c76ca",
        "model": "blogposts.Comment",
        "fields": {
            "blogpost": "e3f79e9a-0ce2-4e19-927b-0b48ca1edbf7",
            "author": 3,
            "content": "Quisque porta volutpat erat. Quisque erat eros, viverra eget, congue eget, semper rutrum, nulla. Nunc purus.",
            "created": "2016-01-10T11:13:06.124297",
            "modified": "2016-01-10T11:13:06.124297"
        }
    },
    {
        "pk": "c1c106b1-0425-4ee1-97a6-ced9df001d62",
        "model": "blogposts.Comment",
        "fields": {
            "blogpost": "e439c223-f98e-4abf-b876-5358f165fd98",
            "author": 3,
            "content": "Mauris enim leo, rhoncus sed, vestibulum sit amet, cursus id, turpis. Integer aliquet, massa id lobortis convallis, tortor risus dapibus augue, vel accumsan tellus nisi eu orci. Mauris lacinia sapien quis libero.",
            "created": "2016-01-10T11:13:06.124297",
            "modified": "2016-01-10T11:13:06.124297"
        }
    },
    {
        "pk": "4c444a3c-4ff9-467c-bc89-73933fe2c519",
        "model": "blogposts.Comment",
        "fields": {
            "blogpost": "e439c223-f98e-4abf-b876-5358f165fd98",
            "author": 3,
            "content": "Morbi non lectus. Aliquam sit amet diam in magna bibendum imperdiet. Nullam orci pede, venenatis non, sodales sed, tincidunt eu, felis.",
            "created": "2016-01-10T11:13:06.124297",
            "modified": "2016-01-10T11:13:06.124297"
        }
    },
    {
        "pk": "6ce42019-a3fc-451d-a55e-f4a5d6186f93",
        "model": "blogposts.Comment",
        "fields": {
            "blogpost": "e439c223-f98e-4abf-b876-5358f165fd98",
            "author": 3,
            "content": "Quisque porta volutpat erat. Quisque erat eros, viverra eget, congue eget, semper rutrum, nulla. Nunc purus.",
            "created": "2016-01-10T11:13:06.124297",
            "modified": "2016-01-10T11:13:06.124297"
        }
    },
    {
        "pk": "0635d24f-fd89-4c6e-87a0-5129b2934a64",
        "model": "blogposts.Comment",
        "fields": {
            "blogpost": "9da66f98-6745-49e3-b108-8d221293b117",
            "author": 3,
            "content": "In hac habitasse platea dictumst. Etiam faucibus cursus urna. Ut tellus.",
            "created": "2016-01-10T11:13:06.124297",
            "modified": "2016-01-10T11:13:06.124297"
        }
    },
    {
        "pk": "326ff94c-82d2-4ffe-9446-84a52d5bb658",
        "model": "blogposts.Comment",
        "fields": {
            "blogpost": "9da66f98-6745-49e3-b108-8d221293b117",
            "author": 3,
            "content": "In hac habitasse platea dictumst. Etiam faucibus cursus urna. Ut tellus.\n\nNulla ut erat id mauris vulputate elementum. Nullam varius. Nulla facilisi.",
            "created": "2016-01-10T11:13:06.124297",
            "modified": "2016-01-10T11:13:06.124297"
        }
    },
    {
        "pk": "f2c9e4e3-ec60-4374-ab25-191bbfe54fbe",
        "model": "blogposts.Comment",
        "fields": {
            "blogpost": "cd4ef2f3-7b05-4328-8c15-3218a8e58763",
            "author": 3,
            "content": "In congue. Etiam justo. Etiam pretium iaculis justo.\n\nIn hac habitasse platea dictumst. Etiam faucibus cursus urna. Ut tellus.",
            "created": "2016-01-10T11:13:06.124297",
            "modified": "2016-01-10T11:13:06.124297"
        }
    },
    {
        "pk": "df097215-f383-4fad-b7fb-d0d8575e1458",
        "model": "blogposts.Comment",
        "fields": {
            "blogpost": "b0aecc55-3f28-4bf4-8a6a-2d35305b1a95",
            "author": 3,
            "content": "Praesent blandit. Nam nulla. Integer pede justo, lacinia eget, tincidunt eget, tempus vel, pede.",
            "created": "2016-01-10T11:13:06.124297",
            "modified": "2016-01-10T11:13:06.124297"
        }
    },
    {
        "pk": "956528f7-c15c-41c7-b290-7bc2e0f83933",
        "model": "blogposts.Comment",
        "fields": {
            "blogpost": "b0aecc55-3f28-4bf4-8a6a-2d35305b1a95",
            "author": 3,
            "content": "Vestibulum quam sapien, varius ut, blandit non, interdum in, ante. Vestibulum ante ipsum primis in faucibus orci luctus et ultrices posuere cubilia Curae; Duis faucibus accumsan odio. Curabitur convallis.\n\nDuis consequat dui nec nisi volutpat eleifend. Donec ut dolor. Morbi vel lectus in quam fringilla rhoncus.",
            "created": "2016-01-10T11:13:06.124297",
            "modified": "2016-01-10T11:13:06.124297"
        }
    },
    {
        "pk": "bd536ef6-6eeb-4d44-bd7f-3debce581d9c",
        "model": "blogposts.Comment",
        "fields": {
            "blogpost": "b0aecc55-3f28-4bf4-8a6a-2d35305b1a95",
            "author": 3,
            "content": "Nulla ut erat id mauris vulputate elementum. Nullam varius. Nulla facilisi.",
            "created": "2016-01-10T11:13:06.124297",
            "modified": "2016-01-10T11:13:06.124297"
        }
    },
    {
        "pk": "fa089657-8cc2-4f97-a30b-2857b6350917",
        "model": "blogposts.Comment",
        "fields": {
            "blogpost": "7ca0abb2-01ef-4d65-9728-930a5fc5faf9",
            "author": 3,
            "content": "Morbi non lectus. Aliquam sit amet diam in magna bibendum imperdiet. Nullam orci pede, venenatis non, sodales sed, tincidunt eu, felis.\n\nFusce posuere felis sed lacus. Morbi sem mauris, laoreet ut, rhoncus aliquet, pulvinar sed, nisl. Nunc rhoncus dui vel sem.",
            "created": "2016-01-10T11:13:06.124297",
            "modified": "2016-01-10T11:13:06.124297"
        }
    },
    {
        "pk": "887af8c0-83f0-4ccf-981f-af64370051ca",
        "model": "blogposts.Comment",
        "fields": {
            "blogpost": "eb17b879-cdcc-4c9c-a088-7c9b9f8d63b3",
            "author": 3,
            "content": "Proin leo odio, porttitor id, consequat in, consequat ut, nulla. Sed accumsan felis. Ut at dolor quis odio consequat varius.\n\nInteger ac leo. Pellentesque ultrices mattis odio. Donec vitae nisi.",
            "created": "2016-01-10T11:13:06.124297",
            "modified": "2016-01-10T11:13:06.124297"
        }
    },
    {
        "pk": "adf4bb80-385a-4bba-b920-67bd07dd3011",
        "model": "blogposts.Comment",
        "fields": {
            "blogpost": "eb17b879-cdcc-4c9c-a088-7c9b9f8d63b3",
            "author": 3,
            "content": "Proin leo odio, porttitor id, consequat in, consequat ut, nulla. Sed accumsan felis. Ut at dolor quis odio consequat varius.\n\nInteger ac leo. Pellentesque ultrices mattis odio. Donec vitae nisi.",
            "created": "2016-01-10T11:13:06.124297",
            "modified": "2016-01-10T11:13:06.124297"
        }
    },
    {
        "pk": "3f5cee5e-b053-447c-83c4-31b4cc072616",
        "model": "blogposts.Comment",
        "fields": {
            "blogpost": "612a1b04-77a1-4176-a8d2-be84cbf058e2",
            "author": 3,
            "content": "Morbi non lectus. Aliquam sit amet diam in magna bibendum imperdiet. Nullam orci pede, venenatis non, sodales sed, tincidunt eu, felis.\n\nFusce posuere felis sed lacus. Morbi sem mauris, laoreet ut, rhoncus aliquet, pulvinar sed, nisl. Nunc rhoncus dui vel sem.",
            "created": "2016-01-10T11:13:06.124297",
            "modified": "2016-01-10T11:13:06.124297"
        }
    },
    {
        "pk": "1d2f81d3-4f1f-4dd8-a7c2-38feef32d895",
        "model": "blogposts.Comment",
        "fields": {
            "blogpost": "612a1b04-77a1-4176-a8d2-be84cbf058e2",
            "author": 3,
            "content": "Lorem ipsum dolor sit amet, consectetuer adipiscing elit. Proin risus. Praesent lectus.",
            "created": "2016-01-10T11:13:06.124297",
            "modified": "2016-01-10T11:13:06.124297"
        }
    },
    {
        "pk": "47215b15-f4a7-47e1-8757-5056e584e5d5",
        "model": "blogposts.Comment",
        "fields": {
            "blogpost": "f017ec00-6bf2-4754-9292-62278161c9aa",
            "author": 3,
            "content": "Vestibulum quam sapien, varius ut, blandit non, interdum in, ante. Vestibulum ante ipsum primis in faucibus orci luctus et ultrices posuere cubilia Curae; Duis faucibus accumsan odio. Curabitur convallis.\n\nDuis consequat dui nec nisi volutpat eleifend. Donec ut dolor. Morbi vel lectus in quam fringilla rhoncus.",
            "created": "2016-01-10T11:13:06.124297",
            "modified": "2016-01-10T11:13:06.124297"
        }
    },
    {
        "pk": "053b9518-ce84-4861-bac9-3171b404e64a",
        "model": "blogposts.Comment",
        "fields": {
            "blogpost": "f017ec00-6bf2-4754-9292-62278161c9aa",
            "author": 3,
            "content": "Maecenas tristique, est et tempus semper, est quam pharetra magna, ac consequat metus sapien ut nunc. Vestibulum ante ipsum primis in faucibus orci luctus et ultrices posuere cubilia Curae; Mauris viverra diam vitae quam. Suspendisse potenti.",
            "created": "2016-01-10T11:13:06.124297",
            "modified": "2016-01-10T11:13:06.124297"
        }
    },
    {
        "pk": "880d5636-8424-4e96-8acf-c8982e91fccf",
        "model": "blogposts.Comment",
        "fields": {
            "blogpost": "f017ec00-6bf2-4754-9292-62278161c9aa",
            "author": 3,
            "content": "Aenean lectus. Pellentesque eget nunc. Donec quis orci eget orci vehicula condimentum.",
            "created": "2016-01-10T11:13:06.124297",
            "modified": "2016-01-10T11:13:06.124297"
        }
    },
    {
        "pk": "64610d5a-6543-48f3-9f68-b526538b753d",
        "model": "blogposts.Comment",
        "fields": {
            "blogpost": "7cf57328-e881-4cfc-81b9-38a099fe9591",
            "author": 3,
            "content": "Nulla ut erat id mauris vulputate elementum. Nullam varius. Nulla facilisi.\n\nCras non velit nec nisi vulputate nonummy. Maecenas tincidunt lacus at velit. Vivamus vel nulla eget eros elementum pellentesque.",
            "created": "2016-01-10T11:13:06.124297",
            "modified": "2016-01-10T11:13:06.124297"
        }
    },
    {
        "pk": "c8ed06dc-9b04-48ff-b416-06f91b45bac4",
        "model": "blogposts.Comment",
        "fields": {
            "blogpost": "7cf57328-e881-4cfc-81b9-38a099fe9591",
            "author": 3,
            "content": "Sed sagittis. Nam congue, risus semper porta volutpat, quam pede lobortis ligula, sit amet eleifend pede libero quis orci. Nullam molestie nibh in lectus.",
            "created": "2016-01-10T11:13:06.124297",
            "modified": "2016-01-10T11:13:06.124297"
        }
    }
]
